company,period,revenue,net_income,liabilities,assets,equity,roa,roe,debt_to_equity
Volkswagen AG,2017-12-31,9750496618,516889818.4,21354201295,54861302788,33507101493,0.9421756176615278,1.542627668072047,0.6373037458779037
Siemens AG,2017-12-31,19716237464,1276840007.0,45009303223,75268101508,30258798286,1.6963892823366733,4.219731381701178,1.487478213694451
Allianz SE,2017-12-31,19458831198,1600107100.0,48538978480,69583711255,21044732775,2.2995426244745216,7.603361454419797,2.3064668484487325
BMW AG,2017-12-31,18808147150,960184349.6,35382107627,67327482638,31945375011,1.4261402802814236,3.005706927119723,1.107581539262463
BASF SE,2017-12-31,16895580815,1797081911.0,28309420014,68036567115,39727147101,2.6413471272917852,4.523561448878278,0.7125963498468131
Deutsche Telekom AG,2017-12-31,11505351408,1425682028.0,36680109736,61941763399,25261653663,2.301649080954348,5.6436607318710665,1.4520074665469853
Daimler AG,2017-12-31,17133317238,1743084807.0,19707492188,56381587968,36674095780,3.0915851607253546,4.752904659071597,0.5373681823328651
SAP SE,2017-12-31,17560385805,2276360916.0,40828269592,73785136305,32956866713,3.085121245274089,6.90709142899825,1.23883953980052
Bayer AG,2017-12-31,18251254610,2670535587.0,16524775630,29169852309,12645076680,9.155122071619262,21.11917273877694,1.3068149801049684
Deutsche Bank AG,2017-12-31,9318303083,958508333.7,11123712659,49692010679,38568298020,1.9288982687614784,2.485223312687937,0.28841595896276473
Porsche AG,2017-12-31,12119018742,894091080.3,28361763209,73909302825,45547539617,1.2097138602660062,1.9629843627520391,0.6226848573487899
Merck KGaA,2017-12-31,11760953647,812341476.0,29296072481,51828662312,22532589831,1.5673595261051467,3.6051846773618217,1.300164459599531
Volkswagen AG,2018-12-31,15132692627,1296423798.0,22603216585,52612061095,30008844510,2.4641190081093516,4.3201390095776135,0.7532184912174081
Siemens AG,2018-12-31,9738110535,1128540207.0,47796930083,86681431720,38884501637,1.3019399710025925,2.9022879540422175,1.2292025889697789
Allianz SE,2018-12-31,11358222175,1091045445.0,25112465464,47584136480,22471671016,2.292876419977854,4.855203888590071,1.1175166032877455
BMW AG,2018-12-31,6557505339,618883604.9,33315961378,60538144207,27222182829,1.022303562500746,2.2734532670932563,1.2238534134929198
BASF SE,2018-12-31,10270182691,708863277.1,42708053991,57050114588,14342060597,1.2425273502414724,4.942548334011895,2.977818543029546
Deutsche Telekom AG,2018-12-31,15273880507,1698666925.0,35514608139,56589637247,21075029108,3.001727891602719,8.060092900916528,1.6851510836356942
Daimler AG,2018-12-31,14737735881,1726421482.0,41539802392,60496305967,18956503575,2.853763472668467,9.107278012369429,2.1913219506778163
SAP SE,2018-12-31,10184334320,1365996842.0,44932510908,90595603440,45663092533,1.5077959527083205,2.991468089930211,0.9840006100228096
Bayer AG,2018-12-31,18541451915,2242441772.0,28896911499,58238408654,29341497155,3.8504516586683586,7.642560841916249,0.9848478878343725
Deutsche Bank AG,2018-12-31,8808021584,1274941171.0,36770248755,55390246152,18619997397,2.301743103833391,6.8471608444231835,1.9747719600070575
Porsche AG,2018-12-31,7955302121,939711762.4,35954156213,65117507958,29163351745,1.4431015434529568,3.2222351210406113,1.2328540466602667
Merck KGaA,2018-12-31,14241334382,1165009578.0,37401670447,71252783664,33851113217,1.6350372828852908,3.4415694707934543,1.1048874584194446
Volkswagen AG,2019-12-31,15448794996,1760261975.0,43856467673,93429721556,49573253883,1.884049257221571,3.5508300083639277,0.8846800288015704
Siemens AG,2019-12-31,12841952642,1411970100.0,29126693633,55130546327,26003852694,2.5611393212486493,5.429849632726888,1.1200914716656794
Allianz SE,2019-12-31,15508664175,1417702229.0,18132341778,46620472331,28488130553,3.0409435128294646,4.976466343983059,0.6364875976774312
BMW AG,2019-12-31,8859340166,1144565565.0,40538252302,78168514026,37630261724,1.4642283779621301,3.0416093658737795,1.077277979072501
BASF SE,2019-12-31,17877114298,1224635136.0,31860731568,65500282723,33639551155,1.8696638931758034,3.6404621760774503,0.9471211854520952
Deutsche Telekom AG,2019-12-31,15796654133,805016265.8,11494162751,47776069193,36281906442,1.6849780222562731,2.2187816042326585,0.3168015101239095
Daimler AG,2019-12-31,10937481164,1145842379.0,19578678306,31178454239,11599775933,3.675109645322658,9.87814235049328,1.687849698053301
SAP SE,2019-12-31,8046709255,662165230.7,39424977655,89177961232,49752983577,0.7425211583132642,1.3309055720752963,0.7924143402170866
Bayer AG,2019-12-31,17402979577,1387637302.0,31887265220,61548783018,29661517798,2.2545324764491026,4.6782410510819,1.0750382174357267
Deutsche Bank AG,2019-12-31,9814156310,576451352.5,25131659304,46301105258,21169445954,1.2450055982203567,2.7230346687041123,1.187166605994775
Porsche AG,2019-12-31,15806884536,845076735.9,34376508276,55201546863,20825038587,1.5308932157233268,4.057984009823338,1.6507296316588573
Merck KGaA,2019-12-31,17666094987,1547381835.0,47717175754,76466035769,28748860015,2.0236197933348627,5.38241110844965,1.6597936658741632
Volkswagen AG,2020-12-31,6074909806,875656602.5,42262965768,80569106208,38306140440,1.0868391666644217,2.285943173710142,1.1032948055468468
Siemens AG,2020-12-31,17731550761,1893885668.0,10137976567,39067986912,28930010345,4.8476663828774855,6.546439650089243,0.3504311421289262
Allianz SE,2020-12-31,10098889889,1161225924.0,39497490703,77791788915,38294298213,1.492735853225879,3.032372907165045,1.0314196250133014
BMW AG,2020-12-31,6940311223,962499322.1,29150494667,41331347093,12180852427,2.3287392978851438,7.901740275307254,2.3931407790792374
BASF SE,2020-12-31,11583572658,1407524593.0,37122614462,82673694404,45551079942,1.7025059822800175,3.089991707753571,0.8149667254710112
Deutsche Telekom AG,2020-12-31,19614896783,1231038198.0,45625478678,94598230353,48972751675,1.3013332209347825,2.5137207036467797,0.9316502977162964
Daimler AG,2020-12-31,8582626126,482111535.0,40109942612,86478204177,46368261566,0.5574948503940186,1.0397446846562675,0.8650301145085634
SAP SE,2020-12-31,9687560178,1027662516.0,40817136100,65594337613,24777201513,1.5666939455400948,4.147613343100149,1.6473666761189407
Bayer AG,2020-12-31,14954913916,1086100755.0,49223539015,87910824435,38687285420,1.2354573648698373,2.8073842431925273,1.2723440913627173
Deutsche Bank AG,2020-12-31,16454038855,1761523797.0,29090502114,64555499757,35464997643,2.7286967084612974,4.966936173891684,0.8202595248090145
Porsche AG,2020-12-31,14994514428,1118453310.0,13089516203,26894911034,13805394830,4.158605725023868,8.101566987200757,0.9481450088305805
Merck KGaA,2020-12-31,5897253747,625948791.2,38506883950,51548729961,13041846011,1.214285573424547,4.799541343089395,2.95256391752531
Volkswagen AG,2021-12-31,11544833810,1709962819.0,14660160673,40260511363,25600350690,4.247245653644332,6.679450761070804,0.5726546815910044
Siemens AG,2021-12-31,15389996263,923394181.6,21808491986,40095375980,18286883994,2.302994195791053,5.049488922787334,1.1925756183041054
Allianz SE,2021-12-31,9380555380,1350100953.0,41223028779,68933524997,27710496218,1.9585549310857913,4.872164476517062,1.48763228397991
BMW AG,2021-12-31,18321682480,1436804767.0,33230894855,73659285546,40428390691,1.9506091545005821,3.5539499407278052,0.8219692717671724
BASF SE,2021-12-31,18793891125,2702710428.0,12423193661,54396450621,41973256961,4.968541875702099,6.439124870655758,0.2959787865054926
Deutsche Telekom AG,2021-12-31,18588737724,2116759905.0,15557689149,64787149652,49229460503,3.2672527134934,4.299782860450008,0.3160239618724225
Daimler AG,2021-12-31,19604996789,2406144332.0,39627936994,77954949919,38327012925,3.0865831284609024,6.277933364409197,1.033942746113445
SAP SE,2021-12-31,12465229611,800983300.4,28257880783,51866957482,23609076699,1.5443036169568547,3.3926921861960273,1.196907492117085
Bayer AG,2021-12-31,13009192330,1451167596.0,31049801948,49482603845,18432801897,2.932682363575,7.872745576656919,1.684486282742151
Deutsche Bank AG,2021-12-31,10414516344,1120888368.0,33962234582,80244374780,46282140198,1.3968435433300537,2.4218594110054514,0.7338086449050517
Porsche AG,2021-12-31,14047287806,1489899027.0,14851641486,42561319258,27709677772,3.500594091006595,5.376818306077558,0.5359730852232156
Merck KGaA,2021-12-31,12917187369,1708731611.0,17319486583,43037893850,25718407267,3.970295611944775,6.6440024580858115,0.6734276506003976
Volkswagen AG,2022-12-31,11168902003,587168043.4,20072750684,67464272122,47391521437,0.8703392550329249,1.2389727647392643,0.4235515146033821
Siemens AG,2022-12-31,16861000234,918419211.5,32873432607,81487723152,48614290545,1.1270645147206555,1.889195956999232,0.6762092429708624
Allianz SE,2022-12-31,16472180169,2043609431.0,34718393733,62464433746,27746040013,3.2716368474738085,7.365409370283099,1.2512918498183239
BMW AG,2022-12-31,7382434260,1093800017.0,35338248318,45898916976,10560668658,2.3830628020524647,10.357298883451058,3.346213148277339
BASF SE,2022-12-31,13018762765,1704211990.0,11167034881,30031637051,18864602170,5.674722250758064,9.033914283706308,0.5919570834501198
Deutsche Telekom AG,2022-12-31,9420241101,990420474.4,12931047199,34081834188,21150786988,2.906006962350403,4.682664881273305,0.6113742815497358
Daimler AG,2022-12-31,9363037363,704852259.1,34778269496,54701473950,19923204453,1.2885434490198049,3.537845835808128,1.745616252548327
SAP SE,2022-12-31,16805465254,1837934274.0,10102113588,37939001132,27836887544,4.844445607846479,6.602513557217538,0.36290384735118936
Bayer AG,2022-12-31,19647577142,1826544478.0,10046371516,37513857859,27467486343,4.868985975436785,6.6498421267641366,0.36575503817662897
Deutsche Bank AG,2022-12-31,7252204354,949551701.2,44858188981,86269206025,41411017045,1.1006844098284956,2.292992949601197,1.0832428706654094
Porsche AG,2022-12-31,5536870879,298030924.1,19445445005,30265348449,10819903444,0.984726558170016,2.7544693503274114,1.797192101171952
Merck KGaA,2022-12-31,7610452133,536310750.1,48688712492,88688270941,39999558449,0.6047144051965807,1.3407916759476328,1.217231249041881
Volkswagen AG,2023-12-31,16782030250,1481049554.0,32384571623,78417189252,46032617629,1.8886797245952376,3.2173915590386857,0.7035135799576626
Siemens AG,2023-12-31,8282175431,459390813.5,28551545477,64407150986,35855605509,0.7132605719508638,1.2812245309445125,0.7962923808338244
Allianz SE,2023-12-31,13941085692,1722322782.0,32850325731,66248470463,33398144732,2.5997925234544446,5.156941488279075,0.9835973223843445
BMW AG,2023-12-31,8469619625,602960048.5,32716601950,78863289364,46146687414,0.7645636561226711,1.3066161024530523,0.7089696743882514
BASF SE,2023-12-31,12852011317,684110085.9,18179739764,53040583203,34860843439,1.2897861308985503,1.9624025652077683,0.5214945471933623
Deutsche Telekom AG,2023-12-31,12752580163,884167446.6,28470052842,53978751141,25508698298,1.6379916687780192,3.4661409855998917,1.1160919506516795
Daimler AG,2023-12-31,5161220914,527374446.2,15838145692,51630867307,35792721615,1.021432475778883,1.4734125330636723,0.44249626676509995
SAP SE,2023-12-31,13414872686,1069408471.0,35679098743,80239095201,44559996459,1.332777330453587,2.399929434428863,0.8006979707870627
Bayer AG,2023-12-31,15851738346,905684923.0,42371799830,52389418748,10017618918,1.7287554331466508,9.040920106999023,4.229727660518699
Deutsche Bank AG,2023-12-31,12421650351,967097057.5,33786415736,79888234351,46101818615,1.2105625632567185,2.097741665196129,0.732865139619612
Porsche AG,2023-12-31,16438581863,1419961878.0,19415830018,36726316966,17310486949,3.8663334505187477,8.202899676846059,1.1216224058400404
Merck KGaA,2023-12-31,17637490503,2103890014.0,44486109206,61628452463,17142343256,3.4138290512212954,12.273059654569783,2.5951008296622105
Volkswagen AG,2024-12-31,14186610709,2107123762.0,14632441063,32642980976,18010539913,6.455059247037561,11.6993925344741,0.8124376689250893
Siemens AG,2024-12-31,8451674463,530013312.6,43381572844,83248031989,39866459145,0.6366676784263603,1.3294717513593721,1.0881722072736641
Allianz SE,2024-12-31,7203400075,631684017.9,23852825717,41830939577,17978113860,1.510088045565489,3.5136278634070233,1.3267701997410757
BMW AG,2024-12-31,6152045684,707968936.5,29243056689,57427208762,28184152074,1.2328109823935378,2.5119398115691562,1.0375709232699197
BASF SE,2024-12-31,15113132584,1914494156.0,43259483243,88221659272,44962176029,2.170095384510215,4.258010454754629,0.9621305520243997
Deutsche Telekom AG,2024-12-31,19139621006,2834016899.0,18313729720,41643539977,23329810257,6.805417840474767,12.147620866953543,0.7849926561020809
Daimler AG,2024-12-31,16456922307,1492220093.0,48085311015,79618978403,31533667388,1.8742015068906912,4.732148895462307,1.5248880006040355
SAP SE,2024-12-31,16754700510,923006607.2,49206362475,96053458782,46847096308,0.9609301100700889,1.9702536121590521,1.0503609903907132
Bayer AG,2024-12-31,5728072323,604515777.3,34398569588,80121015584,45722445996,0.754503388272977,1.322142252304012,0.7523344134084458
Deutsche Bank AG,2024-12-31,19852203756,2223753463.0,36451064643,76222443508,39771378864,2.9174523416670626,5.591341126502614,0.9165149834921751
Porsche AG,2024-12-31,13056746207,1500333956.0,33698449632,62560115073,28861665442,2.39822761554913,5.1983623710663895,1.1675850688422653
Merck KGaA,2024-12-31,18915504026,2413914962.0,30820597362,65357495789,34536898427,3.6934018552257233,6.989379683593324,0.892396212912544
Volkswagen AG,2017-03-31,19695988685,1329397719.0,24520605687,58120450678,33599844991,2.287314883990067,3.956559083400802,0.7297832979160485
Siemens AG,2017-03-31,19833452617,1519697640.0,16063730954,53272532961,37208802008,2.8526851559931408,4.084242324365242,0.4317185742918101
Allianz SE,2017-03-31,9164246774,981041952.6,19407851173,43999960378,24592109205,2.229642809156986,3.989255026569812,0.7891901833720733
BMW AG,2017-03-31,18765462866,1081539894.0,34543581067,80126669599,45583088532,1.3497876542387803,2.3726779576174244,0.7578157202478699
BASF SE,2017-03-31,16836243798,2100216671.0,19360624506,64506392372,45145767866,3.2558272037417977,4.652078744642877,0.4288469422751982
Deutsche Telekom AG,2017-03-31,13951553720,1348710564.0,21828517855,62780698314,40952180459,2.148288566741284,3.293379128738421,0.5330245571869856
Daimler AG,2017-03-31,7142318181,980884827.4,33400146455,69867319792,36467173338,1.4039250830290386,2.6897747689642992,0.9158962265988393
SAP SE,2017-03-31,6568715630,719090971.2,18570025227,65782612977,47212587750,1.093132271062903,1.5230916276136548,0.39332784140814225
Bayer AG,2017-03-31,13027840283,1127343336.0,48157761467,85094142147,36936380680,1.3248189682111327,3.0521218247309876,1.3038029330544576
Deutsche Bank AG,2017-03-31,14843015558,1680873545.0,14840428879,46770654578,31930225699,3.5938636313006618,5.264208154509356,0.4647768236559874
Porsche AG,2017-03-31,5883512064,440184439.5,47041623953,76926443805,29884819852,0.5722147258175858,1.472936566725,1.5740976250138514
Merck KGaA,2017-03-31,6974057939,389688114.0,31405828053,49969368014,18563539961,0.7798539975346905,2.099212299047988,1.6918016778577936
Volkswagen AG,2018-03-31,15989256775,1291419013.0,42659096630,53863933584,11204836955,2.397557933614431,11.525549351467559,3.807203692594918
Siemens AG,2018-03-31,10138254767,1262116952.0,45296373926,72972094010,27675720085,1.7295885079398177,4.560376200235009,1.6366827597215887
Allianz SE,2018-03-31,17610247426,2015329868.0,40259793264,68504291957,28244498693,2.9419030697595097,7.135300540842918,1.4254030033104401
BMW AG,2018-03-31,7335760537,743322627.7,48776154787,95122657900,46346503113,0.7814359313649919,1.6038375665315323,1.0524236244550345
BASF SE,2018-03-31,16240083291,1330285061.0,20620789244,35863861269,15243072025,3.7092633473626324,8.727145412802706,1.3527974682649313
Deutsche Telekom AG,2018-03-31,17427808963,1967928248.0,36127253691,72733202053,36605948363,2.705680751640756,5.375979413195895,0.9869230359161013
Daimler AG,2018-03-31,8641226117,983139976.9,36665610699,59016046453,22350435755,1.6658858666226757,4.39875082381811,1.6404875099939635
SAP SE,2018-03-31,19774628627,1421900578.0,42095348780,63447988091,21352639311,2.2410491187847366,6.659132659387429,1.9714353887069225
Bayer AG,2018-03-31,6560227745,884011217.4,46074070728,59231903754,13157833026,1.4924578839664624,6.718516762244859,3.501645798130833
Deutsche Bank AG,2018-03-31,13740924616,1900766775.0,46035800087,57764409125,11728609038,3.290550018241877,16.206242094366246,3.9250860812093515
Porsche AG,2018-03-31,17555661518,1335299860.0,46994742351,88007178782,41012436432,1.5172624307246936,3.2558413402577826,1.145865655382822
Merck KGaA,2018-03-31,9318197850,641817429.8,48172882387,65628926423,17456044036,0.9779490002065181,3.676763351858904,2.759667785418733
Volkswagen AG,2019-03-31,14907937768,1438598483.0,20854112480,54405171112,33551058632,2.644231152289662,4.287788647085811,0.6215634716250047
Siemens AG,2019-03-31,11643264079,1453293868.0,35825693285,75665486452,39839793167,1.9206826469316731,3.6478449120157306,0.8992439577892952
Allianz SE,2019-03-31,11744716344,1284599881.0,31388781794,60735397643,29346615849,2.1150761019970954,4.377335661494248,1.0695877833242426
BMW AG,2019-03-31,15132523755,1022601951.0,38023980809,86825852703,48801871894,1.1777620595307636,2.0954154242713074,0.779150047596328
BASF SE,2019-03-31,13827496449,1133835190.0,46117811894,82240340578,36122528684,1.3786849398132364,3.13885885431442,1.2767049698385948
Deutsche Telekom AG,2019-03-31,17933328881,1112803764.0,47538352610,96220600130,48682247520,1.1565130154005827,2.2858512511009885,0.9765028327927946
Daimler AG,2019-03-31,11018589464,1097018126.0,21597719176,57241727973,35644008796,1.9164657756618488,3.0777069220202535,0.6059284548943248
SAP SE,2019-03-31,18300753695,989934361.3,24181084351,42408075770,18226991420,2.334306245510653,5.431145154398717,1.3266635065437475
Bayer AG,2019-03-31,15790567330,951709509.0,15068249757,54818573513,39750323756,1.736107760582836,2.3942182580496514,0.3790723781142931
Deutsche Bank AG,2019-03-31,11192425819,1563079220.0,10546244209,38688850201,28142605992,4.040128388099781,5.554138164903176,0.3747429862038343
Porsche AG,2019-03-31,12923331618,1676027156.0,26939537534,57056948432,30117410898,2.9374637131137065,5.564977552938654,0.8944838460795104
Merck KGaA,2019-03-31,19217681417,2238884002.0,12733925598,36970270841,24236345242,6.055903706058544,9.237712945762798,0.5254061811239155
Volkswagen AG,2020-03-31,15933280023,1743770422.0,44490184859,59864740520,15374555661,2.9128505475062236,11.34192402336121,2.8937541897133596
Siemens AG,2020-03-31,15947068708,835207323.0,19623471264,54178518349,34555047086,1.5415839126863384,2.4170342495015285,0.5678901613174321
Allianz SE,2020-03-31,9263668849,635671166.8,12187372783,46576570031,34389197248,1.364787416456205,1.8484617777373944,0.35439538454794234
BMW AG,2020-03-31,12864732630,1045458883.0,40800355871,78928197945,38127842074,1.324569558434,2.741982829688952,1.070093497340161
BASF SE,2020-03-31,9927936838,1197785480.0,37635556954,86394249061,48758692107,1.386418069510952,2.456557853052094,0.7718737998839161
Deutsche Telekom AG,2020-03-31,17673360637,1501884164.0,32122639453,73938353262,41815713810,2.0312653687026065,3.5916741032430552,0.7681954109155502
Daimler AG,2020-03-31,17781237366,1179606125.0,18447303156,42728183777,24280880621,2.760721427235028,4.858168628281894,0.7597460505631469
SAP SE,2020-03-31,9236017256,529982877.3,48081211472,96574017987,48492806515,0.548784122631557,1.0929103002855969,0.9915122453703997
Bayer AG,2020-03-31,14107423353,1367599932.0,13615077246,27849556029,14234478784,4.910670498933288,9.607657243742745,0.9564858294146866
Deutsche Bank AG,2020-03-31,11812773682,980285159.4,44322011186,92083567435,47761556249,1.0645603626205775,2.0524564867387975,0.9279850714020229
Porsche AG,2020-03-31,10779438774,1358943185.0,33525281805,71745524050,38220242245,1.8941156302000697,3.5555587960141146,0.8771603693690823
Merck KGaA,2020-03-31,15236467952,894574066.0,36909348765,72030787429,35121438664,1.2419329260863243,2.54708833131301,1.050906516618086
Volkswagen AG,2021-03-31,19710269369,1137314233.0,36066540496,64427162211,28360621715,1.7652713451436481,4.010187944499368,1.271711913033427
Siemens AG,2021-03-31,18942636889,1771268697.0,15918566390,49830943520,33912377129,3.5545558078567963,5.223074425783347,0.4694028475045271
Allianz SE,2021-03-31,8226780982,522858114.5,39148815906,54906293986,15757478080,0.952273549246136,3.318158602826373,2.4844594869333303
BMW AG,2021-03-31,8417325544,742678238.0,36333752143,50307101979,13973349836,1.4762890502220158,5.314962029266694,2.6002177408735707
BASF SE,2021-03-31,6644620233,990744714.5,21424039042,52878014917,31453975875,1.8736420345111724,3.1498234704486303,0.6811234016055848
Deutsche Telekom AG,2021-03-31,6356573780,831921707.3,22622163266,70081083207,47458919941,1.1870845444022817,1.7529301305934244,0.476668312176582
Daimler AG,2021-03-31,17838709007,1559286116.0,42906482998,53748741344,10842258346,2.9010653589454964,14.38156209010886,3.9573381881118292
SAP SE,2021-03-31,6588278496,731216298.1,11461577968,53638409260,42176831292,1.3632326315935195,1.7336918770346206,0.27175057055967133
Bayer AG,2021-03-31,15481381698,1813221637.0,20090535950,39516175321,19425639371,4.588555502324647,9.334167089022092,1.0342277835134017
Deutsche Bank AG,2021-03-31,8720665039,1028066418.0,14173153454,61397948008,47224794554,1.6744312332165328,2.1769632408340915,0.3001210187964601
Porsche AG,2021-03-31,7884337935,1152213820.0,19342832660,61176556532,41833723872,1.8834237906105493,2.7542702713377034,0.4623741534266443
Merck KGaA,2021-03-31,14786170161,1680074258.0,26820455279,61714717112,34894261833,2.7223235179884204,4.8147579852545555,0.7686207952287305
Volkswagen AG,2022-03-31,17383281301,2467286454.0,26847350661,44033610784,17186260123,5.603189041441294,14.356156815630202,1.5621403649692682
Siemens AG,2022-03-31,7786480387,484400549.7,33021752886,60040484961,27018732075,0.8067898685606022,1.7928322778262717,1.2221799599750462
Allianz SE,2022-03-31,16640634818,2400803163.0,16356578486,32583061956,16226483469,7.3682552187453485,14.795585054436664,1.0080174498219865
BMW AG,2022-03-31,11652663475,1123917078.0,30713910663,55316480279,24602569617,2.0317942723963887,4.56829142441849,1.2484025506741034
BASF SE,2022-03-31,7020216669,504888024.6,19566830326,62928514411,43361684085,0.8023199487953347,1.1643644273831484,0.45124701078592805
Deutsche Telekom AG,2022-03-31,6523953565,440649540.1,18792941935,60677034815,41884092879,0.7262212819784444,1.052068959385138,0.44868924317619574
Daimler AG,2022-03-31,13358841713,1013271417.0,43437924866,86840936189,43403011323,1.1668130969877193,2.334564782750569,1.0008044037023187
SAP SE,2022-03-31,14896500404,1471513321.0,30918779103,51643572423,20724793320,2.849363922672101,7.10025570957057,1.4918739417855869
Bayer AG,2022-03-31,9090799678,904181650.9,49055627276,76658563614,27602936339,1.1794920336008894,3.275671978500664,1.7771887263562478
Deutsche Bank AG,2022-03-31,15495522952,1232326295.0,38566723026,72355738353,33789015327,1.7031493604389505,3.647121063084893,1.1413982518508685
Porsche AG,2022-03-31,10774855240,975556879.2,15417730087,40879706571,25461976485,2.386408712366,3.8314263614794943,0.6055197677243476
Merck KGaA,2022-03-31,7570645554,419794972.7,36325434183,64924945929,28599511746,0.6465850170427178,1.46783964855174,1.2701417599578624
Volkswagen AG,2023-03-31,13460197722,1122578628.0,37590881745,71858135493,34267253748,1.5622150787774824,3.2759515432879387,1.0969913732055048
Siemens AG,2023-03-31,13888922534,1095226689.0,47947497289,70943083888,22995586599,1.5438103744250358,4.762769083036254,2.0850738937481625
Allianz SE,2023-03-31,14581130415,1529637744.0,32236390204,47068791910,14832401705,3.249791808816365,10.312812276951476,2.173376290984158
BMW AG,2023-03-31,19456335114,2009563555.0,47081333393,64537094762,17455761369,3.1138116185906286,11.512322565137834,2.6971801686412022
BASF SE,2023-03-31,9496852852,691692392.2,36704020555,77712763784,41008743229,0.8900627882988895,1.68669492829241,0.8950291490289844
Deutsche Telekom AG,2023-03-31,10942719196,1439735669.0,35021279445,51489159430,16467879985,2.7961918293836865,8.742689832033046,2.1266416488886017
Daimler AG,2023-03-31,13197347212,691428622.0,43343894473,57721074868,14377180395,1.197878978486108,4.809208780884884,3.0147701623103966
SAP SE,2023-03-31,14505450248,863046066.9,22921333603,46384701674,23463368071,1.8606265336481895,3.6782701626144556,0.9768986930452692
Bayer AG,2023-03-31,15711957620,2201969781.0,29454258021,71356904907,41902646886,3.085853827138164,5.25496584258904,0.7029211806388511
Deutsche Bank AG,2023-03-31,7317098693,887813882.3,23138553563,72645962598,49507409035,1.2221104250664057,1.7932949827213673,0.46737557093003707
Porsche AG,2023-03-31,8880891013,668545569.7,40027402595,66992846031,26965443436,0.9979357637539984,2.479267849930714,1.4843962306795124
Merck KGaA,2023-03-31,18085416710,2126765225.0,44629946816,61554558843,16924612027,3.455089704118408,12.566109176429869,2.6369849273236756
Volkswagen AG,2024-03-31,7309084994,1039334580.0,30910642675,64531416585,33620773909,1.6105869590372328,3.091346388435689,0.9193911704312517
Siemens AG,2024-03-31,15785741204,1106822544.0,13225063565,51661794785,38436731220,2.142439202134274,2.8795959200195487,0.34407357611405126
Allianz SE,2024-03-31,18801502624,1006058196.0,48264388990,86904149774,38639760784,1.1576641605910891,2.603686398639895,1.249086122965476
BMW AG,2024-03-31,15848632086,2129654605.0,38842203399,87315704066,48473500667,2.4390281539621346,4.393440902133639,0.8013079902323449
BASF SE,2024-03-31,19756965859,1431835601.0,10848294146,60234434421,49386140275,2.3771047487428683,2.8992660552677703,0.219662724918221
Deutsche Telekom AG,2024-03-31,16377852382,1007117429.0,43228375752,78855235024,35626859272,1.2771725665309077,2.8268487584352338,1.2133647656663975
Daimler AG,2024-03-31,17637310202,1618745275.0,24936555962,37936073156,12999517193,4.26703435630627,12.452349198566116,1.9182678550114056
SAP SE,2024-03-31,13351789947,761306516.2,45369290420,94052696634,48683406213,0.8094467712739541,1.563790571409745,0.9319251455311065
Bayer AG,2024-03-31,10194351917,1512864021.0,26311852797,62689824382,36377971585,2.413252925676381,4.158736606479209,0.7232908172331786
Deutsche Bank AG,2024-03-31,19417487313,2333015849.0,28301209342,55585382174,27284172832,4.197175152447302,8.550802926536747,1.0372756951901132
Porsche AG,2024-03-31,12668426079,744579528.3,33183980227,53340703796,20156723569,1.3958937083912937,3.693951180861183,1.6462983239019682
Merck KGaA,2024-03-31,18818295502,2691544192.0,27944602045,74405164472,46460562427,3.617415822006383,5.793180390850889,0.6014693018171543
Volkswagen AG,2017-06-30,7201825633,722080990.6,27556950386,53860356064,26303405678,1.3406539491532168,2.745199611942053,1.0476571255960385
Siemens AG,2017-06-30,9065572324,736570414.4,47957169639,95650487131,47693317491,0.770064467514123,1.5443891369875768,1.0055322666126085
Allianz SE,2017-06-30,14340884258,1865680236.0,22448503705,35401436947,12952933241,5.270069231351079,14.40353471516823,1.7330826375251909
BMW AG,2017-06-30,10211703797,526461438.3,13575717212,61177654063,47601936851,0.8605453189784892,1.1059664230636035,0.28519253858290866
BASF SE,2017-06-30,16139422505,1276985447.0,16542748372,53339154988,36796406616,2.394086384171797,3.470408021974446,0.4495751051084102
Deutsche Telekom AG,2017-06-30,15409119271,924345905.8,44651352138,77649206644,32997854506,1.1904125563547205,2.8012303212983927,1.3531592525168885
Daimler AG,2017-06-30,10611576433,1197653535.0,31728621908,65800353827,34071731919,1.8201323630399149,3.51509438336515,0.9312300878461253
SAP SE,2017-06-30,6644029236,744873003.7,11294935497,23437806831,12142871334,3.178083210050158,6.134241096785388,0.9301700715031228
Bayer AG,2017-06-30,8439918128,854234127.5,26356391355,61242421820,34886030465,1.39484054045203,2.4486423823914985,0.7554998663846979
Deutsche Bank AG,2017-06-30,19544012256,2752792674.0,13706520368,55551723268,41845202900,4.955368640356325,6.578514341485008,0.327552967080965
Porsche AG,2017-06-30,11523447744,1069672005.0,31531931981,51328720570,19796788588,2.08396389608275,5.403260232057998,1.5927801542576134
Merck KGaA,2017-06-30,11003803134,1050945998.0,30579291828,50859030282,20279738454,2.0663901615362694,5.182246311429673,1.507874073295482
Volkswagen AG,2018-06-30,6601886883,674015397.4,48397997453,95156833814,46758836361,0.7083205381943205,1.4414717085692361,1.0350556433728357
Siemens AG,2018-06-30,11314535587,1340341283.0,33163887180,56794362553,23630475373,2.359990010890967,5.67208768271951,1.403437157167511
Allianz SE,2018-06-30,11661846976,1354192659.0,23626577882,54731462963,31104885082,2.4742489706797572,4.353633377619048,0.7595777261261254
BMW AG,2018-06-30,17315578796,1167741135.0,16852576890,50991540077,34138963187,2.2900683784734635,3.420552430381576,0.493646417956167
BASF SE,2018-06-30,11432373323,902833070.5,15796422658,55141147698,39344725041,1.6373128021286112,2.294673732143721,0.4014876871432957
Deutsche Telekom AG,2018-06-30,10561657912,1025524147.0,18824834094,53785357297,34960523204,1.9066976562730782,2.933377572800927,0.5384597359757523
Daimler AG,2018-06-30,18960217812,2711256442.0,20217118393,63441922522,43224804128,4.27360384777086,6.272455125467445,0.467720300897878
SAP SE,2018-06-30,5282345417,541864195.9,34968772981,55603015081,20634242100,0.974523045397154,2.6260436088418286,1.6946962632080391
Bayer AG,2018-06-30,14443060707,1684483053.0,37340600075,64364816177,27024216101,2.617086714530119,6.233235579172517,1.3817459102400478
Deutsche Bank AG,2018-06-30,7788761208,663079894.0,30096796442,49497014532,19400218090,1.339636138198429,3.4178991747612875,1.551363819848687
Porsche AG,2018-06-30,9586227654,1382170553.0,40862854527,89907869527,49045015000,1.5373187689481664,2.8181672551226664,0.8331703951359787
Merck KGaA,2018-06-30,7868422908,477697388.2,36789908510,81877040048,45087131537,0.5834326545267786,1.059498291231913,0.8159735883798458
Volkswagen AG,2019-06-30,8797334817,1311084923.0,25365853191,40151924792,14786071601,3.2653102679182764,8.867026742325052,1.7155234923442733
Siemens AG,2019-06-30,6550073893,733627118.4,19919552350,37424903073,17505350723,1.9602645782916441,4.190873579219975,1.1379122112548148
Allianz SE,2019-06-30,9612688482,1071424359.0,26052899280,55802879567,29749980287,1.9200162559955154,3.6014288031921344,0.875728287167453
BMW AG,2019-06-30,13411319092,782523298.9,19531535755,37657712776,18126177021,2.0779894508057257,4.317089577098421,1.0775319987425824
BASF SE,2019-06-30,11534207296,1513985001.0,19270767207,53405386175,34134618968,2.8348919639658425,4.435335875344932,0.5645519941226139
Deutsche Telekom AG,2019-06-30,9246129285,1035650167.0,29184989731,52641709425,23456719694,1.9673566423132924,4.415153442213445,1.244205929547141
Daimler AG,2019-06-30,12504841895,639354361.8,41871491156,82039997300,40168506143,0.7793203106309707,1.5916807050874546,1.0423960255563742
SAP SE,2019-06-30,13878289168,932271478.5,29658734145,62964273740,33305539595,1.4806356416491877,2.79914839944511,0.8905045378532922
Bayer AG,2019-06-30,13365845309,1437180604.0,30394456127,61175428677,30780972550,2.3492775368819507,4.669055214761237,0.9874430080994956
Deutsche Bank AG,2019-06-30,9538166828,766520233.9,38799826104,70810004871,32010178767,1.082502727257862,2.394614036614574,1.2121090102751815
Porsche AG,2019-06-30,16367236342,1857704381.0,11368621660,21773242219,10404620558,8.532052150592943,17.854609600074568,1.0926512501466275
Merck KGaA,2019-06-30,16209619277,1894725317.0,17305347324,45432894647,28127547323,4.170382124496907,6.736191020290902,0.6152455144871218
Volkswagen AG,2020-06-30,7895384436,511149178.9,17592686846,61107816340,43515129494,0.8364710269730445,1.1746470362003147,0.4042889691601569
Siemens AG,2020-06-30,7571178877,527700192.0,14328955584,29444881442,15115925857,1.792162733069428,3.4910213042334317,0.947937673124034
Allianz SE,2020-06-30,13787621203,1605393739.0,33743352626,56826390011,23083037385,2.825084857034277,6.954863487953407,1.4618246317933605
BMW AG,2020-06-30,19909637251,2732548048.0,15058770523,36892503606,21833733082,7.406783982954177,12.515258099645573,0.689702052619423
BASF SE,2020-06-30,11914158554,1054111676.0,43298236595,83113769380,39815532785,1.2682756225151486,2.647488561039985,1.0874709834678407
Deutsche Telekom AG,2020-06-30,16609605942,2209253956.0,40969123319,78858492215,37889368896,2.8015422232226865,5.830801674380045,1.0812828113198034
Daimler AG,2020-06-30,14075946856,1786382228.0,42169052107,79023797685,36854745578,2.260562362645201,4.847088753385289,1.144195990113477
SAP SE,2020-06-30,6413035553,941195826.2,19793091472,35210598357,15417506885,2.6730469521057905,6.104721296513304,1.2838062353166253
Bayer AG,2020-06-30,12664152205,953498605.8,14551986231,38961279021,24409292791,2.447298009097872,3.906293451285759,0.5961658273182536
Deutsche Bank AG,2020-06-30,16087302422,1326310547.0,32589277601,54693171121,22103893521,2.425002097731264,6.000348064199309,1.4743681953606167
Porsche AG,2020-06-30,7764718758,920211365.8,34970670581,72558969348,37588298767,1.2682255192829093,2.448132519921023,0.9303605570918229
Merck KGaA,2020-06-30,17048403140,1779998241.0,31894204894,69469086501,37574881608,2.562288250291555,4.737202526863116,0.8488171759724045
Volkswagen AG,2021-06-30,12858026662,1124878943.0,17059669622,65938237159,48878567538,1.7059584718462004,2.301374609895181,0.3490214726267742
Siemens AG,2021-06-30,6387462404,911547751.1,43580496165,59758020643,16177524478,1.5253981662908005,5.6346553660890715,2.6938915298360766
Allianz SE,2021-06-30,17019949886,2402780363.0,10477167725,40916062724,30438894999,5.872462311948234,7.89378314514682,0.34420328744996176
BMW AG,2021-06-30,12011483364,1571388192.0,16704351188,36319540470,19615189283,4.326564080010784,8.011078401174968,0.8516028546549509
BASF SE,2021-06-30,18768998808,1373518726.0,31667361119,58519002305,26851641187,2.347132848986804,5.1152133176313175,1.1793454596857749
Deutsche Telekom AG,2021-06-30,5509568002,378951538.1,36585800973,54397521144,17811720171,0.6966338357530066,2.127540374887467,2.0540296289050657
Daimler AG,2021-06-30,15648054896,1066739844.0,40442076671,75441053988,34998977318,1.4140044281057904,3.04791718428691,1.1555216686346035
SAP SE,2021-06-30,11199189899,719949867.5,45007114334,92397807990,47390693656,0.7791850079148182,1.519179847262795,0.9497036414089663
Bayer AG,2021-06-30,11712522838,1191464502.0,39707273398,77463236730,37755963332,1.5381031729320562,3.155698853511112,1.051682168690586
Deutsche Bank AG,2021-06-30,5220250485,460458002.1,44926554184,91889065168,46962510984,0.5011020639486847,0.9804799454971154,0.9566471903366998
Porsche AG,2021-06-30,12452147525,908357933.3,42131566815,76799130880,34667564065,1.1827711106774441,2.6201954414705138,1.2153021982163315
Merck KGaA,2021-06-30,14025754117,1636333354.0,16839994355,60072011589,43232017234,2.723952986950806,3.785003473567037,0.38952599097680124
Volkswagen AG,2022-06-30,12314464977,1478784803.0,25112871815,44050938495,18938066680,3.3569881903148318,7.808530976193606,1.3260525606619102
Siemens AG,2022-06-30,17737880122,2592267899.0,23358323946,38107807520,14749483574,6.802458781286508,17.575312966005,1.5836706301483963
Allianz SE,2022-06-30,8089768870,488084935.3,45657380068,93604660446,47947280377,0.5214323015268812,1.017961668445602,0.9522412889533053
BMW AG,2022-06-30,11584036388,1399147461.0,22546412228,53277235987,30730823758,2.6261637547064214,4.552912320275069,0.7336741899777616
BASF SE,2022-06-30,11227593925,1221025867.0,27001572213,45570891422,18569319208,2.6793986882831353,6.575501521207949,1.4540959693001148
Deutsche Telekom AG,2022-06-30,8444063288,1187007039.0,47810647914,69756044623,21945396709,1.701654738905049,5.408911284402519,2.1786185297982072
Daimler AG,2022-06-30,16579977460,877145067.0,30509379123,76296463396,45787084273,1.1496536378722715,1.9157041356250764,0.6663315563203694
SAP SE,2022-06-30,14799049316,1792143630.0,35425741218,52933352519,17507611301,3.385660542390026,10.236368623843257,2.023448008351462
Bayer AG,2022-06-30,7918029220,810924591.5,42824962792,91140421051,48315458259,0.8897529571936321,1.6783957365217463,0.8863615152407821
Deutsche Bank AG,2022-06-30,13527313706,1369609294.0,47047722396,76309903159,29262180763,1.7947988888758906,4.680475816524844,1.6077995955615374
Porsche AG,2022-06-30,9602996001,1224040111.0,42066934650,86789124292,44722189642,1.4103611725378693,2.7369860930299037,0.9406277954354371
Merck KGaA,2022-06-30,19175705351,1921123977.0,39424400695,70149764250,30725363554,2.7386036112017296,6.25256711323729,1.2831223502274072
Volkswagen AG,2023-06-30,12729418594,1662688493.0,39022576433,81451183390,42428606957,2.0413312904722427,3.918791146466534,0.9197232535243992
Siemens AG,2023-06-30,14327627383,1625286889.0,41679203694,52235242339,10556038645,3.111475732135207,15.396750084557882,3.9483754366266814
Allianz SE,2023-06-30,5318114486,431100966.0,42312531626,58725506361,16412974734,0.73409493202139,2.626586423160456,2.5779928569772452
BMW AG,2023-06-30,14368618381,1533626886.0,42361743521,64353154119,21991410599,2.383141754270601,6.973754044089094,1.9262858710357709
BASF SE,2023-06-30,14800185962,1295428284.0,11911955269,57692706612,45780751343,2.2453934995841447,2.829635263725471,0.2601957136909543
Deutsche Telekom AG,2023-06-30,10399408221,561732001.5,38426371195,68448568389,30022197194,0.8206628929148982,1.8710555988629085,1.2799320098623426
Daimler AG,2023-06-30,6677625789,440969634.7,45505367856,68668748604,23163380748,0.6421693181610029,1.9037360715925489,1.964539129717888
SAP SE,2023-06-30,10806122549,698788622.5,46400326109,56419077430,10018751320,1.2385679708552442,6.974807540187553,4.631348221646448
Bayer AG,2023-06-30,10038837028,1319011419.0,42095419645,52756441711,10661022066,2.5001902634479216,12.372279232087653,3.9485350826962633
Deutsche Bank AG,2023-06-30,7129233268,804182359.4,37136074738,74971932150,37835857412,1.0726445702253387,2.125450338400276,0.9815047755788915
Porsche AG,2023-06-30,16477351074,1226392611.0,42857529033,61495517042,18637988008,1.994279697107681,6.580069750412944,2.2994718643774332
Merck KGaA,2023-06-30,9146296754,868361702.9,43413456694,56455610934,13042154240,1.5381317968822745,6.65811557600472,3.328702904068707
Volkswagen AG,2024-06-30,13076152982,1526410746.0,24545656357,68124372355,43578715998,2.2406235730815784,3.5026519507138603,0.5632487280746522
Siemens AG,2024-06-30,9018099865,963180373.7,36993263217,49531602468,12538339252,1.944577452995317,7.681881582095191,2.9504117310511577
Allianz SE,2024-06-30,13059939771,864826440.5,21561018412,57150274352,35589255939,1.5132498492891924,2.43002113329459,0.6058294236034492
BMW AG,2024-06-30,17928146832,2182113657.0,12109060417,56333682316,44224621899,3.8735505425680863,4.934160120087633,0.27380811631707375
BASF SE,2024-06-30,11122911230,1144594204.0,29846781652,60313552592,30466770941,1.8977396535448308,3.756860896799821,0.9796503118036161
Deutsche Telekom AG,2024-06-30,15923641671,1238976660.0,29108930053,40292182768,11183252715,3.074980244018931,11.078857748946076,2.602903716371932
Daimler AG,2024-06-30,9897018704,888471372.7,33856303197,55117754937,21261451739,1.6119513099100813,4.1787897816510435,1.5923796555668488
SAP SE,2024-06-30,8144018454,529257365.4,31360696540,57876694077,26515997537,0.9144568013782338,1.9959926631516793,1.1827085326976585
Bayer AG,2024-06-30,7369565272,1064148244.0,20591206981,42904241960,22313034979,2.480286786076106,4.769177500960883,0.9228330883888944
Deutsche Bank AG,2024-06-30,9306050327,729847876.9,23854663266,48476616703,24621953437,1.505566862001805,2.9642159740390057,0.9688371528699679
Porsche AG,2024-06-30,16413767338,1074145603.0,25161220888,52217608876,27056387988,2.0570562806710466,3.970025871437101,0.9299549111714195
Merck KGaA,2024-06-30,16561793827,2435933937.0,19456844175,52664090849,33207246674,4.625417239204566,7.335549258009526,0.5859216322873875
Volkswagen AG,2017-09-30,15706422457,2263166301.0,11556351337,26096752248,14540400911,8.672214379371457,15.564676069474023,0.7947752890539265
Siemens AG,2017-09-30,5703877749,588622371.4,24982736979,39727077870,14744340891,1.4816654104944869,3.99219182296102,1.694394965749168
Allianz SE,2017-09-30,7168009253,373428560.2,15187122059,38651159578,23464037519,0.966150988164798,1.591493194202474,0.6472510132453646
BMW AG,2017-09-30,14824260103,1856672009.0,49769403556,87097998229,37328594673,2.1317045704292727,4.973859919626018,1.3332782546994333
BASF SE,2017-09-30,9548006554,1237046329.0,27483087953,52090363015,24607275062,2.374808424052984,5.027156911454693,1.1168684010624566
Deutsche Telekom AG,2017-09-30,14110556301,1163491999.0,16591763093,32355610354,15763847262,3.5959513242690595,7.380761686296526,1.0525199094637105
Daimler AG,2017-09-30,7323507123,793777927.1,27624534772,70422660411,42798125639,1.1271626525714329,1.854702548881407,0.6454613224189194
SAP SE,2017-09-30,18227487487,1997618536.0,40486058249,55383211771,14897153522,3.6069026553747134,13.409397527184858,2.717704304329717
Bayer AG,2017-09-30,12670837136,1282915745.0,20339721000,55136777973,34797056973,2.3267876581911127,3.6868512931868054,0.5845241744375724
Deutsche Bank AG,2017-09-30,19868905162,1429630591.0,12720436994,42183197053,29462760059,3.389099667348061,4.852330834372356,0.43174627796333304
Porsche AG,2017-09-30,9631040999,1113020766.0,22993549681,72046513305,49052963625,1.5448641647489092,2.2690183910371227,0.4687494492031316
Merck KGaA,2017-09-30,17552142118,1316005049.0,28846310799,40791728305,11945417506,3.226156634404461,11.016819197311362,2.4148432471708032
Volkswagen AG,2018-09-30,11494666314,1658196131.0,14924498356,62462464157,47537965801,2.654708156937434,3.4881512135824675,0.3139490322004071
Siemens AG,2018-09-30,12634974138,741274735.0,28126694879,40432233302,12305538423,1.833375686826907,6.02391142523679,2.2856939625192703
Allianz SE,2018-09-30,10545031789,1010594241.0,33534009371,63852779536,30318770165,1.5826942042988592,3.3332296643306143,1.106047810927096
BMW AG,2018-09-30,5647276212,430192893.6,49486716701,66912699732,17425983031,0.6429166590542852,2.4686865173385466,2.839823533224236
BASF SE,2018-09-30,19846387618,2884007106.0,11017913220,31498369926,20480456706,9.156051925148756,14.081751922822574,0.5379720471161255
Deutsche Telekom AG,2018-09-30,10796012246,986280250.6,18030445293,66154405096,48123959803,1.4908761543071227,2.0494578057114,0.3746667017180078
Daimler AG,2018-09-30,5152922484,599573691.4,24935989828,36383148668,11447158840,1.6479433840956756,5.237751129170144,2.17835623463752
SAP SE,2018-09-30,8133295785,750601103.2,12010781130,31029999758,19019218627,2.418952977937049,3.946540170343456,0.6315076011035119
Bayer AG,2018-09-30,8605806470,524552249.3,34919186753,46399878511,11480691758,1.1305034972788661,4.568995147304433,3.0415577291906244
Deutsche Bank AG,2018-09-30,17771922214,1082288023.0,48317236409,88972406897,40655170488,1.2164310944773293,2.6621165524799704,1.1884647347195747
Porsche AG,2018-09-30,17963578177,2139702451.0,49106113898,95043652065,45937538167,2.2512839148233335,4.657851805687513,1.0689757409176142
Merck KGaA,2018-09-30,17415152986,1617758811.0,46995232198,95054854077,48059621879,1.701921302924226,3.366149686056709,0.9778527246077836
Volkswagen AG,2019-09-30,10142417014,1306294910.0,21657205056,33344564963,11687359907,3.9175647109191525,11.176988818643386,1.853045104140986
Siemens AG,2019-09-30,16654538457,1322270205.0,29781715108,63506323345,33724608237,2.0821079466634016,3.920787443126793,0.8830855765234904
Allianz SE,2019-09-30,13700664809,892851810.7,14820437742,51140549989,36320112247,1.745878389833599,2.4582848330094262,0.40805043886460324
BMW AG,2019-09-30,8103350227,738019784.6,20380748219,31832927467,11452179248,2.31841631708261,6.444361100345922,1.7796392963862557
BASF SE,2019-09-30,7430177132,551583106.0,33765326378,50383426520,16618100141,1.0947709278586797,3.3191706712558555,2.0318403482654763
Deutsche Telekom AG,2019-09-30,11461718687,1380378045.0,27344331892,73302995160,45958663267,1.8831127459212542,3.003520874792635,0.5949766583318847
Daimler AG,2019-09-30,9545803943,1253796606.0,34864875291,53486270610,18621395319,2.34414662248967,6.733096980765516,1.872301978113652
SAP SE,2019-09-30,13973147193,1079900966.0,48121419304,75654119930,27532700626,1.4274185820933387,3.922248604193282,1.7477914701385096
Bayer AG,2019-09-30,11417678713,984493632.9,43202192055,87180029468,43977837414,1.1292650838818137,2.238613107852807,0.9823628126208617
Deutsche Bank AG,2019-09-30,6824564419,375695945.9,12634199326,28137106192,15502906866,1.335233066742374,2.423390330260918,0.8149567971480581
Porsche AG,2019-09-30,10956259576,738896491.2,30918840712,77968242093,47049401381,0.9476890479570504,1.5704694842268263,0.657156941522448
Merck KGaA,2019-09-30,12097020632,1236164244.0,27900854055,42173393478,14272539423,2.9311472045635893,8.661137358695527,1.954862637130864
Volkswagen AG,2020-09-30,12436929028,1654939942.0,49496396884,90362459109,40866062225,1.8314463310518403,4.049668237884645,1.2111858639935305
Siemens AG,2020-09-30,11686522494,980715243.5,33647832225,72644583109,38996750884,1.3500184067798695,2.514863985508029,0.8628368123562158
Allianz SE,2020-09-30,18005946710,2292027552.0,30114206666,72398006770,42283800104,3.165871070568978,5.420580804853386,0.7121925321738344
BMW AG,2020-09-30,9482010377,803442750.4,46174948427,92567055368,46392106941,0.8679575548837717,1.7318522554317113,0.9953190633424739
BASF SE,2020-09-30,18130200876,2418330284.0,49603599758,91937242355,42333642596,2.6304142065323535,5.712549489489246,1.1717300169838663
Deutsche Telekom AG,2020-09-30,15589999588,1310559971.0,40139408421,54633825763,14494417343,2.398806879615519,9.041825828431302,2.7693012744927694
Daimler AG,2020-09-30,17815073829,1375991001.0,34457237297,48064706274,13607468976,2.8627887438986077,10.112027471287178,2.5322297157372553
SAP SE,2020-09-30,15986728775,2071404633.0,24329632573,49270478198,24940845625,4.204149642460915,8.305270254845258,0.975493491231615
Bayer AG,2020-09-30,7778215290,1028179890.0,32630440063,51398528756,18768088693,2.000407239049572,5.478340958520107,1.7386128442141415
Deutsche Bank AG,2020-09-30,11268644278,1309520126.0,44147215219,66843792777,22696577557,1.9590751386127019,5.769681013409541,1.945104503448991
Porsche AG,2020-09-30,6912391322,945409918.5,38735572223,68605740345,29870168123,1.3780332574880545,3.165063934715638,1.2967979310827396
Merck KGaA,2020-09-30,8081970522,678443942.4,46360819152,75700966235,29340147083,0.8962156972922818,2.312339950037598,1.5801154309434926
Volkswagen AG,2021-09-30,10294096366,1404729444.0,27027656894,48359524775,21331867881,2.9047627133139047,6.585121621023976,1.2670084516168019
Siemens AG,2021-09-30,19026792698,2073416725.0,23713313938,47556455590,23843141652,4.359905925024385,8.696071831733963,0.994554924183445
Allianz SE,2021-09-30,11073630310,912822455.7,49692687138,70778247625,21085560486,1.2896934952901782,4.329135364014055,2.3567164444594217
BMW AG,2021-09-30,14132310152,1250503703.0,34109472155,60179867780,26070395624,2.0779435866683453,4.796642601958851,1.3083603581220438
BASF SE,2021-09-30,10808670566,658653438.1,37937729306,85517814001,47580084695,0.7701944276689511,1.3843048879003264,0.7973447199430211
Deutsche Telekom AG,2021-09-30,14468035363,1480956904.0,34748500389,83063430789,48314930400,1.7829228698269968,3.065215848887987,0.7192083296264047
Daimler AG,2021-09-30,15893645982,2170220695.0,43221215972,62906987078,19685771106,3.449888153614935,11.024311332861842,2.195556157758365
SAP SE,2021-09-30,9000667547,1079598533.0,20844606335,48683375624,27838769289,2.217591773705556,3.8780397286692714,0.7487617760184672
Bayer AG,2021-09-30,13756386408,721617987.5,44559907041,88194004126,43634097086,0.818216606277505,1.6537937890126093,1.0212175802142827
Deutsche Bank AG,2021-09-30,12533912164,782840180.3,42843256371,86694386780,43851130409,0.9029883125958019,1.7852223488846024,0.977016007829227
Porsche AG,2021-09-30,7245971264,1033867668.0,43655777728,59462856760,15807079033,1.73867809979737,6.540535831076843,2.761786515830094
Merck KGaA,2021-09-30,14686380695,2175890454.0,36499903384,85610397087,49110493703,2.541619392080136,4.430601873316297,0.7432200458976518
Volkswagen AG,2022-09-30,10260879440,889227522.0,10690275300,28159139854,17468864554,3.1578646457614914,5.090356727257272,0.6119616570930566
Siemens AG,2022-09-30,12664949131,649372783.1,35555990358,69522102895,33966112537,0.9340522741102278,1.9118254477683443,1.0468077652179981
Allianz SE,2022-09-30,16931011156,2086994153.0,18754849198,52873275455,34118426257,3.947162597816024,6.116912126249716,0.5496985428556251
BMW AG,2022-09-30,18782382394,1614997271.0,25317192992,38617124033,13299931041,4.1820754689549515,12.142899583624992,1.9035582149978156
BASF SE,2022-09-30,8861717408,569761713.3,46662383110,69619249891,22956866781,0.8183968000115664,2.4818792509244205,2.0326111378848797
Deutsche Telekom AG,2022-09-30,14873007184,1613587509.0,33957807568,82298368793,48340561225,1.9606555180438106,3.337957748338078,0.7024702797707331
Daimler AG,2022-09-30,18430272465,1278461027.0,44184049308,54843099546,10659050238,2.3311246767292624,11.994136423545768,4.14521447234406
SAP SE,2022-09-30,18713092617,1701020228.0,36355439326,47077977464,10722538138,3.6131973369092822,15.86396994916429,3.390562836718539
Bayer AG,2022-09-30,10642582906,1154447670.0,44364932131,75643621464,31278689333,1.5261665790940746,3.690844132596123,1.4183756761250734
Deutsche Bank AG,2022-09-30,11924228778,1074208571.0,47986876748,85149075647,37162198900,1.2615622222997636,2.8905947516469483,1.2912819523174126
Porsche AG,2022-09-30,8621455856,1229669587.0,32376788972,47679877246,15303088274,2.5790116460569545,8.035434188073088,2.115702947816636
Merck KGaA,2022-09-30,7888146905,698353200.2,33355799273,53175544683,19819745411,1.3132976904386287,3.5235225565128223,1.682958008859562
Volkswagen AG,2023-09-30,11664866018,1677667162.0,15998323030,33372541902,17374218871,5.0270883378513584,9.65607245112044,0.9208081899269404
Siemens AG,2023-09-30,10185412162,754846740.3,24373958388,59331553465,34957595076,1.272251771977095,2.1593211393945033,0.6972435699598182
Allianz SE,2023-09-30,19814938566,1836312727.0,18499451286,30329911272,11830459986,6.054461256189856,15.521904720298844,1.5637136094363187
BMW AG,2023-09-30,12729885504,1804875257.0,10865997336,56007965536,45141968200,3.2225331517173004,3.9982201241283053,0.24070721258449693
BASF SE,2023-09-30,8416753062,980336277.0,46036015495,95477772055,49441756560,1.026769116936743,1.982810371654805,0.9311160989827098
Deutsche Telekom AG,2023-09-30,5149849693,750613275.1,17312068995,55772071679,38460002684,1.3458586932545853,1.9516724459623287,0.4501317677287139
Daimler AG,2023-09-30,13104191262,1856279741.0,29165603027,45413408789,16247805762,4.087514658114866,11.424802636066865,1.795048725607728
SAP SE,2023-09-30,17167661800,1338393789.0,26063953489,52362126677,26298173188,2.556034053498228,5.089303273775368,0.9910936893857374
Bayer AG,2023-09-30,9457609977,1131311165.0,40856047831,77252438398,36396390567,1.4644342475917094,3.108305926428158,1.1225302068289018
Deutsche Bank AG,2023-09-30,17914537947,1449472284.0,20633879462,43019367872,22385488410,3.3693481696727057,6.475053201664766,0.9217524801818697
Porsche AG,2023-09-30,12920254885,1147104411.0,35348848744,85266963912,49918115168,1.3453093183707963,2.2979722033562497,0.7081366879545239
Merck KGaA,2023-09-30,9297896247,1145109250.0,49354599469,67631473649,18276874181,1.6931602820648157,6.2653451496121555,2.7003851413666413
Volkswagen AG,2024-09-30,9752432683,970590418.5,31255665329,70790020629,39534355300,1.3710836780041644,2.45505563739394,0.7905950430156629
Siemens AG,2024-09-30,11691964631,1345578064.0,24477801438,72482874961,48005073523,1.8564082408762057,2.802991361642873,0.5099003009811514
Allianz SE,2024-09-30,16908879786,1197174003.0,48008203569,67570965703,19562762134,1.7717284199578167,6.119657310146999,2.454060589202889
BMW AG,2024-09-30,17989542164,2639441820.0,33643521649,69399402463,35755880815,3.8032630344435705,7.381839741709633,0.9409227484304109
BASF SE,2024-09-30,16485330446,1727330520.0,41199120058,58775396940,17576276882,2.938866617546318,9.827624653369977,2.344018607273554
Deutsche Telekom AG,2024-09-30,6531276814,872767531.7,15526905086,49404344791,33877439705,1.7665805211913108,2.5762499743190084,0.45832581272983186
Daimler AG,2024-09-30,14640665936,2101927829.0,10787737144,51913035226,41125298082,4.048940347736161,5.111033663048356,0.2623138955124474
SAP SE,2024-09-30,10824151396,830279996.2,42369695133,72342104340,29972409208,1.147713359702359,2.770147672941781,1.4136232706208687
Bayer AG,2024-09-30,9332023907,746667545.1,23673143006,42677324477,19004181470,1.7495650307282031,3.9289645085671774,1.2456807489115185
Deutsche Bank AG,2024-09-30,18549946525,2323022170.0,49199711543,64461554635,15261843092,3.6037327724309858,15.221111604912835,3.223707074330338
Porsche AG,2024-09-30,15911174550,1241693861.0,36125130235,84583217359,48458087124,1.4680144593339695,2.5624079172225973,0.7454922878519524
Merck KGaA,2024-09-30,15036344926,1704097607.0,30603212259,59444780752,28841568494,2.8666900364380035,5.908477575879789,1.0610800263989277
